dia_semana,media_vendas,ord
Segunda-feira,3465137.713333333,0
Terca-feira,3627045.763809524,1
Quarta-feira,3535265.626442308,2
Quinta-feira,3626232.44375,3
Sexta-feira,3715003.409134616,4
Sabado,3710540.549519231,5
Domingo,3319503.567619048,6
