dia_semana,media_vendas
Domingo,3319503.567619048
Segunda-feira,3465137.713333333
Quarta-feira,3535265.6264423076
Quinta-feira,3626232.4437499996
Terca-feira,3627045.7638095235
Sabado,3710540.5495192306
Sexta-feira,3715003.4091346157
