id_product,similaridade
94,0.869626356546304
11,0.8680370799067412
35,0.8539125638299668
115,0.8500000000000004
1,0.8500000000000004
